"ID";"Bezeichner";"Gehäuse";"Stückzahl";"Bezeichnung";"Anbieter und Referenz";
1;"U1003,U1004";"DIP-40_W15.24mm";2;"PIO-DIP-40";;;
2;"X1001";"K1520_EFS2x29_DIN_male";1;"K1520_2x29-AC";;;
3;"U1002";"DIP-20_W7.62mm_LongPads";1;"DS8286D";;;
4;"IC1001";"DIP762W56P254L2591H533Q20N";1;"GAL16V8D-25LPN";;;
5;"C1001,C1002,C1003,C1004,C1005";"C_Disc_D3.0mm_W1.6mm_P2.50mm";5;"100nF";;;
6;"J1001,J1002";"PinSocket_2x13_P2.54mm_Horizontal";2;"Conn_02x13_Odd_Even";;;
7;"U1001";"DIP-14_W7.62mm_LongPads";1;"74LS00";;;
