"ID";"Bezeichner";"Gehäuse";"Stückzahl";"Bezeichnung";"Anbieter und Referenz";
1;"IC2";"DIP762W56P254L2591H533Q20N";1;"GAL16V8D-25LPN";;;
2;"C14,C13,C12,C11,C10";"C_Disc_D3.0mm_W2.0mm_P2.50mm";5;"100nF";;;
3;"U5";"DIP-14_W7.62mm_LongPads";1;"74LS74";;;
4;"U9";"DIP-14_W7.62mm_LongPads";1;"74LS121";;;
5;"U8,U6";"DIP-6_W7.62mm";2;"MB104";;;
6;"U7,U3";"DIP-16_W7.62mm_LongPads";2;"MAX232";;;
7;"RV2,RV1";"Potentiometer_Piher_PT-10-H01_Horizontal";2;"4K7";;;
8;"R8";"R_Axial_DIN0207_L6.3mm_D2.5mm_P10.16mm_Horizontal";1;"12K";;;
9;"R7";"R_Axial_DIN0207_L6.3mm_D2.5mm_P10.16mm_Horizontal";1;"1K";;;
10;"R6";"R_Axial_DIN0207_L6.3mm_D2.5mm_P10.16mm_Horizontal";1;"4K7";;;
11;"R5,R4,R1";"R_Axial_DIN0207_L6.3mm_D2.5mm_P10.16mm_Horizontal";3;"470";;;
12;"R3";"R_Axial_DIN0207_L6.3mm_D2.5mm_P10.16mm_Horizontal";1;"910";;;
13;"R2";"R_Axial_DIN0207_L6.3mm_D2.5mm_P10.16mm_Horizontal";1;"47K";;;
14;"Q2,Q1";"TO-92_Inline";2;"BC547";;;
15;"J5,J4";"chinch";2;"Conn_Coaxial";;;
16;"J3,J2";"DSUB-9_Male_Horizontal_P2.77x2.84mm_EdgePinOffset4.94mm_Housed_MountingHolesOffset7.48mm";2;"DB9_Male";;;
17;"J1";"PinSocket_2x05_P2.54mm_Vertical";1;"Conn_02x05_Odd_Even";;;
18;"D2,D1";"D_DO-15_P2.54mm_Vertical_AnodeUp";2;"D";;;
19;"C9,C8,C7,C6,C5,C4,C3,C2,C1";"CP_Radial_D4.0mm_P1.50mm";9;"1µF";;;
20;"U2";"DIP-14_W7.62mm_LongPads";1;"74LS00";;;
21;"U1";"DIP-20_W7.62mm_LongPads";1;"DS8286D";;;
22;"IC3";"DIP-40_W15.24mm_LongPads";1;"SIO2-DIP-40";;;
23;"IC1";"DIP-28_W15.24mm_LongPads";1;"CTC-DIP-28";;;
24;"U4";"DIP-28_W15.24mm_LongPads";1;"8251A";;;
25;"X1";"K1520_EFS2x29_DIN_male";1;"K1520_2x29-AC";;;
