"ID";"Bezeichner";"Gehäuse";"Stückzahl";"Bezeichnung";"Anbieter und Referenz";
1;"J1";"chinch";1;"Conn_Coaxial";;;
2;"C9,C8,C7,C6,C5,C4";"C_Disc_D3.0mm_W1.6mm_P2.50mm";6;"100nF";;;
3;"Y1";"Crystal_HC49-U_Vertical";1;"Crystal";;;
4;"U9,U5";"DIP-14_W7.62mm_LongPads";2;"74LS86";;;
5;"R4";"R_Axial_DIN0207_L6.3mm_D2.5mm_P10.16mm_Horizontal";1;"100";;;
6;"R3";"R_Axial_DIN0207_L6.3mm_D2.5mm_P10.16mm_Horizontal";1;"390";;;
7;"R2";"R_Axial_DIN0207_L6.3mm_D2.5mm_P10.16mm_Horizontal";1;"150";;;
8;"R1";"R_Axial_DIN0207_L6.3mm_D2.5mm_P10.16mm_Horizontal";1;"470";;;
9;"D2,D1";"D_DO-15_P10.16mm_Horizontal";2;"1N4148";;;
10;"C3,C1";"C_Disc_D3.0mm_W1.6mm_P2.50mm";2;"220pF";;;
11;"C2";"C_Axial_L22.0mm_D9.5mm_P27.50mm_Horizontal";1;"2µ2";;;
12;"U1";"DIP-14_W7.62mm_LongPads";1;"74LS04";;;
13;"U6,U6";"DIP-14_W7.62mm_LongPads";2;"74LS74";;;
14;"U2";"DIP-20_W7.62mm_LongPads";1;"DS8286D";;;
15;"U3";"DIP-16_W7.62mm_LongPads";1;"DS8205D";;;
16;"U7";"DIP-16_W7.62mm_LongPads";1;"74LS175";;;
17;"U14";"DIP-14_W7.62mm_LongPads";1;"74LS00";;;
18;"U4";"DIP-16_W7.62mm_LongPads";1;"74LS193";;;
19;"U8";"DIP-40_W15.24mm";1;"82720";;;
20;"U10,U11,U12,U13";"DIP-14_W7.62mm_LongPads";4;"74LS295";;;
21;"U15,U16";"DIP-28_W15.24mm_LongPads";2;"U6264D";;;
22;"U17,U18";"DIP-20_W7.62mm_LongPads";2;"74LS299";;;
23;"X1";"K1520_EFS2x29_DIN_male";1;"K1520_2x29-AC";;;
