"ID";"Bezeichner";"Gehäuse";"Stückzahl";"Bezeichnung";"Anbieter und Referenz";
1;"X1";"K1520_EFS2x29_DIN_male";1;"K1520_2x29-AC";;;
2;"R9,R7";"R_Axial_DIN0207_L6.3mm_D2.5mm_P10.16mm_Horizontal";2;"190";;;
3;"U5,U28,U27";"DIP-14_W7.62mm_LongPads";3;"74LS04";;;
4;"U3";"DIP-20_W7.62mm_LongPads";1;"DS8286D";;;
5;"U12";"DIP-40_W15.24mm_LongPads";1;"FDCU8272";;;
6;"C8,C7,C6,C5,C4,C3,C2,C1";"C_Disc_D3.0mm_W2.0mm_P2.50mm";8;"100nF";;;
7;"U25,U24";"DIP-14_W7.62mm_LongPads";2;"74LS38";;;
8;"Y1";"Crystal_HC49-U_Vertical";1;"16MHz";;;
9;"U14,U22,U15";"DIP-14_W7.62mm_LongPads";3;"74LS74";;;
10;"R8,R4,R3,R2,R1";"R_Axial_DIN0207_L6.3mm_D2.5mm_P10.16mm_Horizontal";5;"150";;;
11;"U26";"DIP-14_W7.62mm_LongPads";1;"74LS06";;;
12;"U23";"DIP-14_W7.62mm_LongPads";1;"74LS03";;;
13;"U21,U16";"DIP-16_W7.62mm_LongPads";2;"74LS193";;;
14;"U19";"DIP-16_W7.62mm_LongPads";1;"74LS175";;;
15;"U18";"DIP-14_W7.62mm_LongPads";1;"74LS02";;;
16;"U17";"DIP-16_W7.62mm_LongPads";1;"74LS257";;;
17;"U9";"DIP-16_W7.62mm_LongPads";1;"74LS138";;;
18;"U6";"DIP-14_W7.62mm_LongPads";1;"74LS08";;;
19;"U1";"DIP-16_W7.62mm_LongPads";1;"74LS153";;;
20;"R6,R5";"R_Axial_DIN0207_L6.3mm_D2.5mm_P10.16mm_Horizontal";2;"1K";;;
21;"J1";"PinSocket_2x17_P2.54mm_Horizontal";1;"Conn_02x17_Odd_Even";;;
