ID;Bezeichner;Gehäuse;Stückzahl;Bezeichnung;Anbieter und Referenz
1;J5,J4,J3;PinSocket_1x03_P2.54mm_Vertical;3;Conn_01x03;
2;U33,U52;DIP-14_W7.62mm_LongPads;2;74LS20;
3;U40,U30;DIP-16_W7.62mm_LongPads;2;74LS257;
4;IC21;DIP-24_W15.24mm_LongPads;1;6116LA45DB;
5;U24,U12,U13,U15;DIP-14_W7.62mm_LongPads;4;74LS95;
6;U20;DIP-14_W7.62mm_LongPads;1;74LS30;
7;C11,C10,C9,C8,C7,C6,C5;C_Disc_D3.0mm_W2.0mm_P2.50mm;7;0,1µ;
8;X1;K1520_EFS2x29_DIN_male;1;K1520_2x29-AC;
9;C1,C2,C4;C_Disc_D3.0mm_W2.0mm_P2.50mm;3;470pF;
10;C3;C_Disc_D3.0mm_W2.0mm_P2.50mm;1;1µ;
11;D1,D2;D_DO-15_P10.16mm_Horizontal;2;1N4148;
12;J1,J2;chinch;2;Conn_Coaxial;
13;R1;R_Axial_DIN0207_L6.3mm_D2.5mm_P10.16mm_Horizontal;1;510;
14;R2;R_Axial_DIN0207_L6.3mm_D2.5mm_P10.16mm_Horizontal;1;120;
15;R3;R_Axial_DIN0207_L6.3mm_D2.5mm_P10.16mm_Horizontal;1;270;
16;RL1;Relay_DPDT_Omron_G2RL;1;G2RL-2-ASI-DC5;
17;U1,U42;DIP-14_W7.62mm_LongPads;2;74LS08;
18;U2;DIP-14_W7.62mm_LongPads;1;74LS02;
19;U10;DIP-20_W7.62mm_LongPads;1;DS8286D;
20;U11,U43;DIP-14_W7.62mm_LongPads;2;74LS04;
21;U14;DIP-24_W15.24mm_LongPads;1;U2716;
22;U16,U22,U32,U41,U51;DIP-16_W7.62mm_LongPads;5;74LS193;
23;U23,U53;DIP-14_W7.62mm_LongPads;2;74LS74;
24;Y1;Crystal_HC49-4H_Vertical;1;10500KHz;
