ID;Bezeichner;Gehäuse;Stückzahl;Bezeichnung;Anbieter und Referenz
1;SW1;SW_Tactile_SKHH_Angled;1;SW_SPST;
2;J5;PinSocket_1x02_P2.54mm_Vertical;1;Conn_01x02;
3;U10;PLCC-20_THT-Socket;1;GAL16V8;
4;J4,J3,J2;PinSocket_1x03_P2.54mm_Vertical;3;Conn_01x03;
5;U7;DIP-40_W15.24mm_LongPads;1;U855D;
6;X2;Oscillator_DIP-14;1;CXO_DIP14;
7;R3;R_Axial_DIN0207_L6.3mm_D2.5mm_P10.16mm_Horizontal;1;680;
8;R2,R1;R_Axial_DIN0207_L6.3mm_D2.5mm_P10.16mm_Horizontal;2;470;
9;D3;D_DO-15_P10.16mm_Horizontal;1;1N4148;
10;C7;C_Disc_D3.0mm_W2.0mm_P2.50mm;1;10n;
11;C6;CP_Radial_D4.0mm_P2.00mm;1;0,68µF;
12;C5,C4,C3,C2,C1;C_Disc_D3.0mm_W2.0mm_P2.50mm;5;100n;
13;D2,D1;D_DO-15_P10.16mm_Horizontal;2;D;
14;U1;DIP-14_W7.62mm_LongPads;1;74LS121;
15;U5;DIP-14_W7.62mm_LongPads;1;74LS03;
16;U2;DIP-14_W7.62mm_LongPads;1;74LS00;
17;RN1;R_Array_SIP10;1;4K7;
18;J1;PinSocket_2x13_P2.54mm_Horizontal;1;Conn_02x13_Odd_Even;
19;U9;DIP-28_W15.24mm;1;28C64;
20;U8;DIP-28_W15.24mm;1;27C512;
21;U6,U3;DIP-28_W15.24mm;2;KM62256CLP;
22;IC1;DIP762W56P254L2591H533Q20N;1;GAL16V8D-25LPN;
23;U4;DIP-40_W15.24mm_LongPads;1;U880D;
24;X1;K1520_EFS2x29_DIN_male;1;K1520_2x29-AC;
